smallcode,total,APPROVED BY Pengawas,COMPLETED BY Admin Kabupaten,DRAFT,EDITED BY Admin Kabupaten,OPEN,REJECTED BY Admin Kabupaten,REJECTED BY Pengawas,REVOKED BY Admin Kabupaten,REVOKED BY Pengawas,SUBMITTED BY Pencacah,SUBMITTED RESPONDENT
6.40901E+15,94,86,0,0,2,3,0,0,0,0,3,0
6.40901E+15,58,0,0,0,0,58,0,0,0,0,0,0
6.40901E+15,72,69,0,0,3,0,0,0,0,0,0,0
6.40901E+15,105,88,0,0,1,2,0,0,0,0,14,0
6.40901E+15,148,47,0,0,0,92,0,0,0,0,9,0
6.40901E+15,72,3,0,0,0,67,0,0,0,0,2,0
6.40901E+15,76,0,0,0,0,73,0,0,0,0,3,0
6.40901E+15,93,83,0,0,0,0,6,3,0,0,0,1
6.40901E+15,44,32,0,0,0,0,0,0,0,0,12,0
6.40901E+15,44,0,0,0,0,43,0,0,0,0,1,0
6.40901E+15,32,0,0,0,0,4,0,0,0,0,28,0
6.40901E+15,57,0,0,0,0,46,0,0,0,0,11,0
6.40901E+15,69,0,0,0,0,63,0,0,0,0,6,0
6.40901E+15,76,0,0,0,0,62,0,2,0,0,12,0
6.40901E+15,56,49,0,0,1,0,0,1,0,0,5,0
6.40901E+15,66,41,0,0,0,7,0,0,0,3,15,0
6.40901E+15,2,0,0,0,0,2,0,0,0,0,0,0
6.40901E+15,1,0,0,0,0,1,0,0,0,0,0,0
6.40901E+15,1,0,0,0,0,1,0,0,0,0,0,0
6.40901E+15,65,2,0,0,0,61,0,0,0,0,2,0
6.40901E+15,68,16,0,0,0,15,0,0,0,0,37,0
6.40901E+15,93,64,0,0,3,9,0,8,0,0,9,0
6.40901E+15,107,106,0,0,0,0,1,0,0,0,0,0
6.40901E+15,130,94,0,2,0,7,0,11,0,0,16,0
6.40901E+15,136,129,0,2,2,0,1,1,0,0,1,0
6.40901E+15,95,0,0,0,0,95,0,0,0,0,0,0
6.40901E+15,105,0,0,0,0,105,0,0,0,0,0,0
6.40901E+15,119,54,0,0,0,51,0,0,0,0,14,0
6.40901E+15,234,174,0,0,3,19,5,26,0,1,6,0
6.40901E+15,93,0,0,0,0,93,0,0,0,0,0,0
6.40901E+15,84,0,0,0,0,82,0,0,0,0,1,1
6.40901E+15,103,0,0,0,0,103,0,0,0,0,0,0
6.40901E+15,139,74,0,2,0,1,0,60,0,1,0,1
6.40901E+15,67,40,0,10,0,4,0,1,0,0,12,0
6.40901E+15,83,10,0,15,0,46,0,0,0,1,11,0
6.40901E+15,71,0,0,0,0,71,0,0,0,0,0,0
6.40901E+15,70,0,0,0,0,70,0,0,0,0,0,0
6.40901E+15,79,73,0,0,1,0,0,5,0,0,0,0
6.40901E+15,1,0,0,0,0,1,0,0,0,0,0,0
6.40901E+15,54,37,0,0,2,14,0,0,0,0,1,0
6.40901E+15,41,41,0,0,0,0,0,0,0,0,0,0
6.40901E+15,72,66,0,0,4,1,1,0,0,0,0,0
6.40901E+15,54,51,0,0,1,1,0,0,0,0,1,0
6.40901E+15,35,0,0,0,0,35,0,0,0,0,0,0
6.40901E+15,40,0,0,0,0,40,0,0,0,0,0,0
6.40901E+15,31,7,0,0,0,23,0,0,0,0,1,0
6.40901E+15,30,0,0,0,0,30,0,0,0,0,0,0
6.40901E+15,73,0,0,0,0,73,0,0,0,0,0,0
6.40901E+15,40,39,0,0,1,0,0,0,0,0,0,0
6.40901E+15,67,66,0,0,1,0,0,0,0,0,0,0
6.40901E+15,90,71,0,0,3,16,0,0,0,0,0,0
6.40901E+15,101,12,0,0,0,89,0,0,0,0,0,0
6.40901E+15,1,0,0,0,0,1,0,0,0,0,0,0
6.40901E+15,57,0,0,0,0,57,0,0,0,0,0,0
6.40901E+15,30,0,0,0,0,30,0,0,0,0,0,0
6.40901E+15,61,1,0,0,0,60,0,0,0,0,0,0
6.40901E+15,1,0,0,0,0,1,0,0,0,0,0,0
6.40901E+15,1,0,0,0,0,1,0,0,0,0,0,0
6.40901E+15,1,0,0,0,0,1,0,0,0,0,0,0
6.40901E+15,1,0,0,0,0,1,0,0,0,0,0,0
6.40901E+15,70,10,0,0,0,59,0,0,0,0,1,0
6.40901E+15,81,72,0,0,3,2,0,1,0,0,3,0
6.40901E+15,83,49,0,0,0,33,0,0,0,0,1,0
6.40901E+15,46,0,0,0,0,46,0,0,0,0,0,0
6.40901E+15,76,3,0,0,0,67,0,0,0,1,5,0
6.40901E+15,54,2,0,0,0,51,0,0,0,0,1,0
6.40901E+15,87,23,0,0,0,64,0,0,0,0,0,0
6.40901E+15,96,79,0,0,3,8,1,0,0,0,5,0
6.40901E+15,78,74,0,0,4,0,0,0,0,0,0,0
6.40901E+15,47,8,0,0,0,38,0,0,0,0,1,0
6.40901E+15,1,0,0,0,0,1,0,0,0,0,0,0
6.40901E+15,1,0,0,0,0,1,0,0,0,0,0,0
6.40901E+15,1,0,0,0,0,1,0,0,0,0,0,0
6.40901E+15,1,0,0,0,0,1,0,0,0,0,0,0
6.40901E+15,94,61,0,0,4,0,1,28,0,0,0,0
6.40901E+15,78,46,0,0,1,0,1,30,0,0,0,0
6.40901E+15,73,65,0,0,5,0,0,3,0,0,0,0
6.40901E+15,98,83,0,0,3,10,0,2,0,0,0,0
6.40901E+15,36,17,0,0,0,19,0,0,0,0,0,0
6.40901E+15,75,12,0,0,1,25,0,8,0,0,29,0
6.40901E+15,92,43,0,0,0,8,0,4,0,0,37,0
6.40901E+15,59,12,0,0,0,34,0,9,0,0,4,0
6.40901E+15,47,6,0,0,0,41,0,0,0,0,0,0
6.40901E+15,39,3,0,0,0,36,0,0,0,0,0,0
6.40901E+15,58,40,0,0,1,9,0,3,0,2,3,0
6.40901E+15,58,6,0,0,0,52,0,0,0,0,0,0
6.40901E+15,38,1,0,0,0,37,0,0,0,0,0,0
6.40901E+15,43,1,0,0,0,42,0,0,0,0,0,0
6.40901E+15,29,1,0,0,0,28,0,0,0,0,0,0
6.40901E+15,2,0,0,0,0,2,0,0,0,0,0,0
6.40901E+15,1,0,0,0,0,1,0,0,0,0,0,0
6.40901E+15,73,36,0,0,0,0,0,0,0,0,37,0
6.40901E+15,56,14,0,0,0,0,0,0,0,0,42,0
6.40901E+15,53,11,0,1,0,1,0,9,0,0,31,0
6.40901E+15,52,34,0,0,0,2,0,11,0,0,5,0
6.40901E+15,58,23,0,0,0,2,0,13,0,2,18,0
6.40901E+15,48,3,0,0,0,42,0,0,0,0,3,0
6.40901E+15,69,27,0,0,0,0,0,0,0,0,42,0
6.40901E+15,66,26,0,0,0,21,0,0,0,0,19,0
6.40901E+15,51,1,0,0,0,50,0,0,0,0,0,0
6.40901E+15,46,0,0,0,0,45,0,0,0,0,0,1
6.40901E+15,124,89,0,1,2,0,0,16,0,1,15,0
6.40901E+15,76,15,0,0,0,44,0,2,0,0,15,0
6.40901E+15,77,36,0,0,0,3,0,15,0,0,23,0
6.40901E+15,133,1,0,0,0,130,0,0,0,0,1,1
6.40901E+15,81,6,0,0,0,75,0,0,0,0,0,0
6.40901E+15,1,0,0,0,0,1,0,0,0,0,0,0
6.40901E+15,3,0,0,0,0,3,0,0,0,0,0,0
6.40901E+15,26,23,0,0,0,1,0,2,0,0,0,0
6.40901E+15,1,1,0,0,0,0,0,0,0,0,0,0
6.40901E+15,128,0,0,0,0,128,0,0,0,0,0,0
6.40901E+15,80,55,0,0,3,1,1,2,0,0,18,0
6.40901E+15,103,62,0,0,0,24,0,0,0,0,17,0
6.40901E+15,189,179,0,0,4,3,0,3,0,0,0,0
6.40901E+15,147,122,0,0,6,0,1,2,0,0,16,0
6.40901E+15,198,0,0,0,0,198,0,0,0,0,0,0
6.40901E+15,165,123,0,0,0,12,0,1,0,0,29,0
6.40901E+15,6,6,0,0,0,0,0,0,0,0,0,0
6.40901E+15,179,60,0,0,0,109,0,0,0,0,10,0
6.40901E+15,121,0,0,0,0,121,0,0,0,0,0,0
6.40901E+15,151,26,0,22,0,84,0,1,0,0,18,0
6.40901E+15,112,85,0,13,1,7,0,3,0,0,3,0
6.40901E+15,115,33,0,3,1,76,1,1,0,0,0,0
6.40901E+15,95,0,0,0,0,94,0,0,0,0,0,1
6.40901E+15,64,6,0,6,0,52,0,0,0,0,0,0
6.40901E+15,89,0,0,0,0,89,0,0,0,0,0,0
6.40901E+15,159,0,0,0,0,157,0,0,0,0,0,2
6.40901E+15,99,0,0,0,0,99,0,0,0,0,0,0
6.40901E+15,114,12,0,0,0,100,0,1,0,0,1,0
6.40901E+15,60,32,0,0,1,20,0,0,0,0,7,0
6.40901E+15,144,31,0,0,0,113,0,0,0,0,0,0
6.40901E+15,40,14,0,0,0,22,0,1,0,0,3,0
6.40901E+15,57,39,0,0,0,14,0,3,0,0,1,0
6.40901E+15,50,0,0,0,0,50,0,0,0,0,0,0
6.40901E+15,65,31,0,0,0,6,0,0,0,0,28,0
6.40901E+15,55,0,0,0,0,55,0,0,0,0,0,0
6.40901E+15,65,1,0,0,0,61,0,0,0,0,3,0
6.40901E+15,41,0,0,0,0,41,0,0,0,0,0,0
6.40901E+15,28,21,0,0,0,0,0,0,0,0,7,0
6.40901E+15,36,0,0,0,0,36,0,0,0,0,0,0
6.40901E+15,92,9,0,0,0,81,0,1,0,0,1,0
6.40901E+15,158,129,0,0,10,8,0,5,0,0,6,0
6.40901E+15,58,37,0,0,0,1,0,4,0,0,16,0
6.40901E+15,1,0,0,0,0,1,0,0,0,0,0,0
6.40901E+15,138,7,0,0,0,33,0,0,0,0,98,0
6.40901E+15,113,17,0,0,0,89,0,1,0,0,6,0
6.40901E+15,118,0,0,0,0,118,0,0,0,0,0,0
6.40901E+15,236,214,0,0,7,4,0,3,0,0,7,1
6.40901E+15,99,0,0,0,0,96,0,0,0,0,0,3
6.40901E+15,58,13,0,0,0,27,0,18,0,0,0,0
6.40901E+15,106,0,0,0,0,106,0,0,0,0,0,0
6.40901E+15,117,0,0,0,0,78,0,2,0,0,37,0
6.40901E+15,34,0,0,0,0,6,0,0,0,0,28,0
6.40901E+15,1,0,0,0,0,1,0,0,0,0,0,0
6.40901E+15,1,0,0,0,0,1,0,0,0,0,0,0
6.40901E+15,1,0,0,0,0,0,0,0,0,0,1,0
6.40901E+15,1,0,0,0,0,0,0,0,0,0,1,0
6.40901E+15,1,0,0,0,0,1,0,0,0,0,0,0
6.40901E+15,1,0,0,0,0,1,0,0,0,0,0,0
6.40901E+15,1,0,0,0,0,1,0,0,0,0,0,0
6.40901E+15,1,0,0,0,0,1,0,0,0,0,0,0
6.40901E+15,1,0,0,0,0,1,0,0,0,0,0,0
6.40901E+15,78,56,0,2,3,12,0,1,0,0,4,0
6.40901E+15,113,16,0,8,0,18,0,0,0,0,71,0
6.40901E+15,100,0,0,0,0,100,0,0,0,0,0,0
6.40901E+15,52,0,0,0,0,52,0,0,0,0,0,0
6.40901E+15,159,5,0,7,0,106,0,0,0,0,41,0
6.40901E+15,73,3,0,0,0,70,0,0,0,0,0,0
6.40901E+15,69,1,0,0,0,65,0,0,0,0,3,0
6.40901E+15,19,0,0,0,0,19,0,0,0,0,0,0
6.40901E+15,131,67,0,1,10,21,0,2,0,0,30,0
6.40901E+15,84,5,0,0,0,33,0,0,0,0,46,0
6.40901E+15,72,6,0,0,0,45,0,0,0,0,21,0
6.40901E+15,124,0,0,0,0,124,0,0,0,0,0,0
6.40901E+15,75,0,0,0,0,73,0,0,0,0,0,2
6.40901E+15,81,64,0,5,0,12,0,0,0,0,0,0
6.40901E+15,115,48,0,1,0,0,0,2,0,0,64,0
6.40901E+15,90,32,0,5,0,0,0,0,0,0,53,0
6.40901E+15,95,3,0,0,0,8,0,18,0,0,66,0
6.40901E+15,50,6,0,0,0,1,0,10,0,0,33,0
6.40901E+15,118,101,0,0,0,7,0,6,0,1,3,0
6.40901E+15,102,34,0,0,1,30,0,2,0,0,35,0
6.40901E+15,53,0,0,0,0,4,0,0,0,0,49,0
6.40901E+15,90,0,0,0,0,33,0,0,0,0,57,0
6.40901E+15,85,0,0,0,0,85,0,0,0,0,0,0
6.40901E+15,78,0,0,0,0,76,0,0,0,0,2,0
6.40901E+15,96,0,0,0,0,96,0,0,0,0,0,0
6.40901E+15,8,0,0,0,0,8,0,0,0,0,0,0
6.40901E+15,20,0,0,0,0,20,0,0,0,0,0,0
6.40901E+15,101,0,0,0,0,101,0,0,0,0,0,0
6.40901E+15,45,0,0,0,0,45,0,0,0,0,0,0
6.40901E+15,68,0,0,0,0,68,0,0,0,0,0,0
6.40901E+15,20,0,0,0,0,20,0,0,0,0,0,0
6.40901E+15,54,0,0,0,0,54,0,0,0,0,0,0
6.40901E+15,98,0,0,0,0,98,0,0,0,0,0,0
6.40901E+15,159,40,0,8,0,12,0,3,0,0,96,0
6.40901E+15,73,28,0,5,0,2,0,3,0,0,35,0
6.40901E+15,76,0,0,0,0,75,0,1,0,0,0,0
6.40901E+15,55,0,0,0,0,55,0,0,0,0,0,0
6.40901E+15,83,0,0,0,0,82,0,0,0,0,0,1
6.40901E+15,24,0,0,0,0,24,0,0,0,0,0,0
6.40901E+15,85,0,0,0,0,85,0,0,0,0,0,0
6.40901E+15,38,1,0,0,0,37,0,0,0,0,0,0
6.40901E+15,94,22,0,13,0,3,0,2,0,0,54,0
6.40901E+15,55,6,0,1,0,40,0,0,0,0,8,0
6.40901E+15,36,4,0,21,0,3,0,0,0,0,8,0
6.40901E+15,43,18,0,1,0,24,0,0,0,0,0,0
6.40901E+15,43,0,0,0,0,43,0,0,0,0,0,0
6.40901E+15,27,0,0,0,0,27,0,0,0,0,0,0
6.40901E+15,19,0,0,1,0,18,0,0,0,0,0,0
6.40901E+15,22,3,0,2,0,15,0,0,0,0,2,0
6.40901E+15,120,0,0,0,0,119,0,0,0,0,1,0
6.40901E+15,61,0,0,0,0,61,0,0,0,0,0,0
6.40901E+15,121,80,0,1,2,1,0,0,0,0,37,0
6.40901E+15,122,60,0,3,0,0,0,2,0,0,57,0
6.40901E+15,132,13,0,6,0,98,0,0,0,0,14,1
6.40901E+15,9,0,0,0,0,8,0,0,0,0,0,1
6.40901E+15,3,0,0,0,0,3,0,0,0,0,0,0
6.40901E+15,187,181,0,0,3,3,0,0,0,0,0,0
6.40901E+15,131,117,0,0,0,4,0,10,0,0,0,0
6.40901E+15,171,80,0,2,0,65,0,22,0,0,1,1
6.40901E+15,97,40,0,1,0,49,0,7,0,0,0,0
6.40901E+15,120,18,0,0,0,102,0,0,0,0,0,0
6.40901E+15,172,128,0,0,2,0,0,39,0,0,2,1
6.40901E+15,239,147,0,0,0,51,0,19,0,0,22,0
6.40901E+15,194,104,0,0,0,16,0,13,0,0,61,0
6.40901E+15,103,57,1,0,0,5,0,10,0,0,29,1
6.40901E+15,123,35,0,0,0,44,0,1,0,0,43,0
6.40901E+15,99,0,0,0,0,99,0,0,0,0,0,0
6.40901E+15,59,0,0,0,0,59,0,0,0,0,0,0
6.40901E+15,57,0,0,0,0,57,0,0,0,0,0,0
6.40901E+15,46,0,0,0,0,46,0,0,0,0,0,0
6.40901E+15,50,28,0,0,0,7,0,0,0,0,15,0
6.40901E+15,96,0,0,0,0,96,0,0,0,0,0,0
6.40901E+15,20,0,0,0,0,20,0,0,0,0,0,0
6.40901E+15,32,0,0,0,0,32,0,0,0,0,0,0
6.40901E+15,12,0,0,0,0,12,0,0,0,0,0,0
6.40901E+15,23,0,0,0,0,23,0,0,0,0,0,0
6.40901E+15,5,0,0,0,0,5,0,0,0,0,0,0
6.40901E+15,18,0,0,0,0,18,0,0,0,0,0,0
6.40901E+15,67,1,0,0,0,65,0,0,0,0,0,1
6.40901E+15,57,1,0,0,0,56,0,0,0,0,0,0
6.40901E+15,86,25,0,0,0,61,0,0,0,0,0,0
6.40901E+15,59,8,0,0,0,50,0,0,0,0,1,0
6.40901E+15,111,10,0,2,0,98,0,1,0,0,0,0
6.40901E+15,54,4,0,0,0,50,0,0,0,0,0,0
6.40901E+15,37,3,0,0,0,34,0,0,0,0,0,0
6.40901E+15,98,44,0,5,0,11,0,0,0,0,38,0
6.40901E+15,65,40,0,1,0,0,0,0,0,0,24,0
6.40901E+15,64,27,0,4,0,1,0,1,0,0,31,0
6.40901E+15,82,10,0,4,0,61,0,0,0,0,6,1
6.40901E+15,69,17,0,1,0,51,0,0,0,0,0,0
6.40901E+15,42,20,0,0,0,3,0,0,0,0,19,0
6.40901E+15,48,30,0,4,0,4,0,1,0,0,9,0
6.40901E+15,44,15,0,1,0,2,0,0,0,0,26,0
6.40901E+15,82,82,0,0,0,0,0,0,0,0,0,0
6.40901E+15,81,0,0,0,0,81,0,0,0,0,0,0
6.40901E+15,77,1,0,0,0,76,0,0,0,0,0,0
6.40901E+15,57,53,0,0,0,3,0,0,0,0,1,0
6.40901E+15,75,40,0,0,0,25,0,0,0,0,10,0
6.40901E+15,71,0,0,1,0,64,0,0,0,0,6,0
6.40901E+15,96,0,0,0,0,95,0,0,0,0,1,0
6.40901E+15,72,45,0,0,0,6,0,0,0,0,20,1
6.40901E+15,69,32,0,2,3,31,0,0,0,0,1,0
6.40901E+15,87,80,0,0,0,0,0,2,0,0,5,0
6.40901E+15,123,119,0,0,0,0,2,0,0,0,2,0
6.40901E+15,102,63,0,12,0,7,0,0,0,0,20,0
6.40901E+15,71,0,0,14,0,45,0,0,0,0,12,0
6.40901E+15,73,0,0,0,0,73,0,0,0,0,0,0
6.40901E+15,73,0,0,0,0,73,0,0,0,0,0,0
6.40901E+15,78,0,0,0,0,78,0,0,0,0,0,0
6.40901E+15,1,0,0,0,0,1,0,0,0,0,0,0
6.40901E+15,3,0,0,0,0,3,0,0,0,0,0,0
6.40901E+15,1,0,0,0,0,1,0,0,0,0,0,0
6.40901E+15,301,138,0,0,8,96,0,0,0,0,59,0
6.40901E+15,99,41,0,0,0,4,0,54,0,0,0,0
6.40901E+15,104,4,0,0,0,61,0,0,0,0,39,0
6.40901E+15,158,0,0,0,0,143,0,0,0,0,15,0
6.40901E+15,122,0,0,0,0,122,0,0,0,0,0,0
6.40901E+15,95,0,0,0,0,95,0,0,0,0,0,0
6.40901E+15,115,0,0,0,0,115,0,0,0,0,0,0
6.40901E+15,100,0,0,0,0,100,0,0,0,0,0,0
6.40901E+15,131,36,0,9,1,11,0,1,0,0,73,0
6.40901E+15,119,27,0,2,0,4,0,2,0,0,84,0
6.40901E+15,108,9,0,7,0,61,0,8,0,0,23,0
6.40901E+15,134,0,0,0,0,134,0,0,0,0,0,0
6.40901E+15,1,0,0,0,0,1,0,0,0,0,0,0
6.40902E+15,222,71,0,0,0,22,0,129,0,0,0,0
6.40902E+15,87,87,0,0,0,0,0,0,0,0,0,0
6.40902E+15,82,15,0,0,0,67,0,0,0,0,0,0
6.40902E+15,187,0,0,0,0,187,0,0,0,0,0,0
6.40902E+15,103,16,0,0,0,85,0,2,0,0,0,0
6.40902E+15,143,45,0,0,0,83,0,15,0,0,0,0
6.40902E+15,166,50,0,0,0,55,0,15,0,0,46,0
6.40902E+15,155,127,0,0,0,0,0,26,0,0,2,0
6.40902E+15,160,9,0,0,0,151,0,0,0,0,0,0
6.40902E+15,106,3,0,0,0,103,0,0,0,0,0,0
6.40902E+15,3,3,0,0,0,0,0,0,0,0,0,0
6.40902E+15,159,0,0,0,0,159,0,0,0,0,0,0
6.40902E+15,111,37,0,4,0,10,0,0,0,0,60,0
6.40902E+15,176,92,0,8,0,60,0,15,0,0,1,0
6.40902E+15,244,130,0,13,0,46,0,46,0,0,9,0
6.40902E+15,210,76,0,8,0,108,0,13,0,0,5,0
6.40902E+15,226,43,0,0,0,182,0,0,0,0,0,1
6.40902E+15,133,1,0,1,0,102,0,0,0,4,25,0
6.40902E+15,127,13,0,9,0,104,0,0,0,0,1,0
6.40902E+15,241,14,0,1,0,173,0,0,0,0,53,0
6.40902E+15,160,69,0,29,0,46,0,5,0,1,10,0
6.40902E+15,86,10,0,0,0,71,0,0,0,0,5,0
6.40902E+15,74,12,0,0,0,62,0,0,0,0,0,0
6.40902E+15,76,76,0,0,0,0,0,0,0,0,0,0
6.40902E+15,187,11,0,0,0,170,0,0,0,0,6,0
6.40902E+15,227,91,0,1,0,16,0,75,0,1,43,0
6.40902E+15,200,123,0,0,0,68,0,7,0,0,2,0
6.40902E+15,207,66,0,3,0,137,0,1,0,0,0,0
6.40902E+15,91,6,0,0,0,56,0,29,0,0,0,0
6.40902E+15,87,8,0,0,0,65,0,12,0,1,0,1
6.40902E+15,257,63,0,24,0,61,0,49,0,0,60,0
6.40902E+15,279,72,0,11,0,83,0,3,0,1,109,0
6.40902E+15,228,142,0,20,0,1,0,65,0,0,0,0
6.40902E+15,27,25,0,0,0,0,0,2,0,0,0,0
6.40902E+15,136,0,0,0,0,136,0,0,0,0,0,0
6.40902E+15,224,84,0,7,0,20,0,53,0,0,60,0
6.40902E+15,188,159,0,0,9,0,0,20,0,0,0,0
6.40902E+15,168,2,0,0,0,166,0,0,0,0,0,0
6.40902E+15,198,0,0,0,0,198,0,0,0,0,0,0
6.40902E+15,183,28,0,23,0,88,0,34,0,0,10,0
6.40902E+15,185,4,0,0,0,177,0,4,0,0,0,0
6.40902E+15,134,6,0,0,0,124,0,4,0,0,0,0
6.40902E+15,45,0,0,0,0,45,0,0,0,0,0,0
6.40902E+15,61,0,0,0,0,61,0,0,0,0,0,0
6.40902E+15,173,99,0,0,0,13,0,1,0,0,58,2
6.40902E+15,121,61,0,0,0,3,0,0,0,0,57,0
6.40902E+15,97,52,0,0,0,7,0,0,0,0,38,0
6.40902E+15,123,39,0,0,0,23,0,0,0,0,61,0
6.40902E+15,191,13,0,4,0,173,0,1,0,0,0,0
6.40902E+15,111,26,0,10,0,75,0,0,0,0,0,0
6.40902E+15,217,170,0,15,0,11,0,21,0,0,0,0
6.40902E+15,157,94,0,6,0,38,0,18,0,0,1,0
6.40902E+15,101,29,0,2,0,62,0,6,0,0,2,0
6.40902E+15,118,1,0,2,0,115,0,0,0,0,0,0
6.40902E+15,162,10,0,1,0,136,0,5,0,0,10,0
6.40902E+15,112,40,0,11,0,56,0,0,0,0,5,0
6.40902E+15,195,79,0,10,0,56,0,48,0,0,2,0
6.40902E+15,230,168,0,0,0,48,0,14,0,0,0,0
6.40902E+15,251,94,0,1,0,153,0,3,0,0,0,0
6.40902E+15,90,79,0,0,0,6,0,4,0,0,0,1
6.40902E+15,29,0,0,0,0,29,0,0,0,0,0,0
6.40902E+15,95,0,0,0,0,79,0,16,0,0,0,0
6.40902E+15,84,0,0,0,0,71,0,13,0,0,0,0
6.40902E+15,109,24,0,0,0,64,0,20,0,1,0,0
6.40902E+15,154,0,0,0,0,153,0,0,0,0,0,1
6.40902E+15,184,92,0,0,0,27,0,65,0,0,0,0
6.40902E+15,143,135,0,1,2,2,0,1,0,2,0,0
6.40902E+15,102,14,0,0,0,88,0,0,0,0,0,0
6.40902E+15,99,7,0,0,0,90,0,2,0,0,0,0
6.40902E+15,89,16,0,0,0,45,0,27,0,0,0,1
6.40902E+15,111,14,0,0,0,87,0,10,0,0,0,0
6.40902E+15,135,10,0,0,0,125,0,0,0,0,0,0
6.40902E+15,125,47,0,0,0,57,0,3,0,0,18,0
6.40902E+15,184,109,0,0,0,27,0,48,0,0,0,0
6.40902E+15,120,32,0,0,0,68,0,10,0,0,10,0
6.40902E+15,110,96,0,0,0,6,0,8,0,0,0,0
6.40902E+15,50,0,0,0,0,50,0,0,0,0,0,0
6.40902E+15,52,12,0,0,0,20,0,20,0,0,0,0
6.40902E+15,80,5,0,0,0,75,0,0,0,0,0,0
6.40902E+15,100,6,0,0,0,93,0,1,0,0,0,0
6.40903E+15,88,88,0,0,0,0,0,0,0,0,0,0
6.40903E+15,98,0,0,0,0,98,0,0,0,0,0,0
6.40903E+15,131,116,0,0,12,0,1,0,0,0,1,1
6.40903E+15,112,33,0,0,0,78,0,1,0,0,0,0
6.40903E+15,134,0,0,0,0,134,0,0,0,0,0,0
6.40903E+15,228,224,0,0,2,2,0,0,0,0,0,0
6.40903E+15,168,0,0,0,0,168,0,0,0,0,0,0
6.40903E+15,181,113,0,0,0,66,0,1,0,0,0,1
6.40903E+15,159,156,0,0,0,3,0,0,0,0,0,0
6.40903E+15,114,111,0,0,3,0,0,0,0,0,0,0
6.40903E+15,73,28,0,0,0,45,0,0,0,0,0,0
6.40903E+15,100,0,0,0,0,100,0,0,0,0,0,0
6.40903E+15,81,4,0,26,0,51,0,0,0,0,0,0
6.40903E+15,204,172,0,0,0,0,0,31,0,0,0,1
6.40903E+15,156,44,0,37,0,28,0,1,0,1,45,0
6.40903E+15,192,164,0,0,2,25,0,0,0,1,0,0
6.40903E+15,186,163,0,0,9,11,0,0,0,2,1,0
6.40903E+15,135,0,0,0,0,135,0,0,0,0,0,0
6.40903E+15,191,103,0,0,0,72,0,0,0,0,16,0
6.40903E+15,131,0,0,0,0,126,0,0,0,0,5,0
6.40903E+15,142,0,0,0,0,142,0,0,0,0,0,0
6.40903E+15,167,56,0,32,0,78,0,1,0,0,0,0
6.40903E+15,39,0,0,1,0,38,0,0,0,0,0,0
6.40903E+15,176,169,0,5,0,2,0,0,0,0,0,0
6.40903E+15,175,0,0,0,0,175,0,0,0,0,0,0
6.40903E+15,79,0,0,0,0,78,0,0,0,0,0,1
6.40903E+15,198,196,0,0,0,0,0,0,0,2,0,0
6.40903E+15,136,65,0,0,0,26,0,3,0,1,41,0
6.40903E+15,88,2,0,0,0,85,0,0,0,0,0,1
6.40903E+15,83,0,0,0,0,83,0,0,0,0,0,0
6.40903E+15,9,0,0,0,0,9,0,0,0,0,0,0
6.40903E+15,1,0,0,0,0,1,0,0,0,0,0,0
6.40903E+15,3,0,0,0,0,3,0,0,0,0,0,0
6.40903E+15,1,0,0,0,0,1,0,0,0,0,0,0
6.40903E+15,1,0,0,0,0,1,0,0,0,0,0,0
6.40903E+15,9,0,0,0,0,9,0,0,0,0,0,0
6.40903E+15,1,0,0,0,0,1,0,0,0,0,0,0
6.40903E+15,1,0,0,0,0,1,0,0,0,0,0,0
6.40903E+15,29,0,0,0,0,29,0,0,0,0,0,0
6.40903E+15,112,0,0,0,0,112,0,0,0,0,0,0
6.40903E+15,255,63,0,1,0,118,0,5,0,0,68,0
6.40903E+15,90,0,0,0,0,87,0,0,0,0,3,0
6.40903E+15,176,175,0,1,0,0,0,0,0,0,0,0
6.40903E+15,91,91,0,0,0,0,0,0,0,0,0,0
6.40903E+15,167,24,0,18,0,125,0,0,0,0,0,0
6.40903E+15,211,206,0,0,0,4,0,1,0,0,0,0
6.40903E+15,212,43,0,53,0,116,0,0,0,0,0,0
6.40903E+15,136,14,0,27,0,95,0,0,0,0,0,0
6.40903E+15,199,156,0,3,0,39,0,1,0,0,0,0
6.40903E+15,204,143,0,0,0,60,0,0,0,0,1,0
6.40903E+15,211,9,0,44,0,155,0,3,0,0,0,0
6.40903E+15,288,283,0,1,0,2,0,1,0,0,0,1
6.40903E+15,116,41,0,0,0,53,0,1,0,0,21,0
6.40903E+15,149,1,0,0,0,143,0,0,0,0,5,0
6.40903E+15,108,0,0,0,0,88,0,0,0,0,20,0
6.40903E+15,172,0,0,0,0,161,0,0,0,0,11,0
6.40903E+15,187,13,0,0,0,170,0,1,0,0,3,0
6.40903E+15,7,0,0,0,0,7,0,0,0,0,0,0
6.40903E+15,6,0,0,0,0,6,0,0,0,0,0,0
6.40903E+15,9,0,0,0,0,9,0,0,0,0,0,0
6.40903E+15,1,0,0,0,0,1,0,0,0,0,0,0
6.40903E+15,188,159,0,2,0,16,0,6,0,0,5,0
6.40903E+15,170,152,0,3,0,6,0,8,0,0,1,0
6.40903E+15,166,161,0,0,0,3,0,1,0,0,1,0
6.40903E+15,78,75,0,3,0,0,0,0,0,0,0,0
6.40903E+15,155,94,0,0,0,61,0,0,0,0,0,0
6.40903E+15,43,8,0,0,0,35,0,0,0,0,0,0
6.40903E+15,28,21,0,0,0,3,0,0,0,0,4,0
6.40903E+15,165,79,0,4,0,56,0,4,0,0,22,0
6.40903E+15,128,3,0,0,0,125,0,0,0,0,0,0
6.40903E+15,123,118,0,1,0,0,0,4,0,0,0,0
6.40903E+15,205,69,0,0,0,134,0,0,0,0,2,0
6.40903E+15,248,203,0,6,3,30,0,6,0,0,0,0
6.40903E+15,198,197,0,0,0,0,0,0,0,0,1,0
6.40903E+15,154,115,0,7,0,30,0,1,0,1,0,0
6.40903E+15,253,237,0,3,0,0,0,0,0,0,13,0
6.40903E+15,246,235,0,0,2,6,0,1,0,0,2,0
6.40903E+15,211,173,0,3,6,27,0,1,0,0,1,0
6.40903E+15,214,128,0,0,2,80,0,1,0,0,3,0
6.40903E+15,131,89,0,0,0,41,0,1,0,0,0,0
6.40903E+15,196,37,0,15,0,35,0,0,0,0,109,0
6.40903E+15,205,201,0,0,1,0,0,2,0,0,1,0
6.40903E+15,184,34,0,0,0,143,0,4,0,0,3,0
6.40903E+15,66,0,0,3,0,63,0,0,0,0,0,0
6.40903E+15,188,69,0,32,0,67,0,0,0,0,20,0
6.40903E+15,90,0,0,0,0,90,0,0,0,0,0,0
6.40903E+15,184,148,0,3,0,28,0,4,0,0,1,0
6.40903E+15,145,65,0,6,0,60,0,2,0,0,12,0
6.40903E+15,128,0,0,0,0,128,0,0,0,0,0,0
6.40903E+15,60,0,0,0,0,60,0,0,0,0,0,0
6.40903E+15,152,0,0,0,0,152,0,0,0,0,0,0
6.40903E+15,155,0,0,0,0,155,0,0,0,0,0,0
6.40903E+15,60,0,0,0,0,60,0,0,0,0,0,0
6.40903E+15,118,0,0,0,0,118,0,0,0,0,0,0
6.40903E+15,268,252,0,0,0,8,0,0,0,0,7,1
6.40903E+15,137,11,0,0,0,126,0,0,0,0,0,0
6.40903E+15,102,0,0,0,0,102,0,0,0,0,0,0
6.40903E+15,141,0,0,0,0,141,0,0,0,0,0,0
6.40903E+15,70,0,0,0,0,70,0,0,0,0,0,0
6.40903E+15,168,74,0,0,0,91,0,0,0,0,3,0
6.40903E+15,207,203,0,0,0,4,0,0,0,0,0,0
6.40903E+15,154,8,0,0,0,146,0,0,0,0,0,0
6.40903E+15,158,38,0,0,0,50,0,0,0,0,70,0
6.40903E+15,5,0,0,0,0,5,0,0,0,0,0,0
6.40903E+15,112,5,0,1,0,104,0,2,0,0,0,0
6.40903E+15,130,11,0,3,0,114,0,0,0,0,2,0
6.40903E+15,132,0,0,0,0,132,0,0,0,0,0,0
6.40903E+15,42,0,0,0,0,42,0,0,0,0,0,0
6.40903E+15,145,124,0,10,6,2,0,2,0,0,1,0
6.40903E+15,140,15,0,7,0,106,0,5,0,0,7,0
6.40903E+15,106,0,0,0,0,106,0,0,0,0,0,0
6.40903E+15,55,0,0,0,0,55,0,0,0,0,0,0
6.40903E+15,125,118,0,0,5,1,0,1,0,0,0,0
6.40903E+15,181,175,0,2,0,3,0,1,0,0,0,0
6.40903E+15,104,17,0,0,0,85,0,1,0,0,0,1
6.40903E+15,125,112,0,2,3,0,0,8,0,0,0,0
6.40903E+15,39,0,0,0,0,39,0,0,0,0,0,0
6.40903E+15,127,7,0,0,0,119,0,1,0,0,0,0
6.40903E+15,110,0,0,0,0,110,0,0,0,0,0,0
6.40903E+15,160,78,0,1,1,68,0,0,0,0,12,0
6.40903E+15,182,85,0,0,0,97,0,0,0,0,0,0
6.40903E+15,263,204,0,13,3,41,0,2,0,0,0,0
6.40903E+15,220,185,0,3,0,32,0,0,0,0,0,0
6.40903E+15,190,21,0,0,0,157,0,12,0,0,0,0
6.40903E+15,163,99,0,0,0,47,0,17,0,0,0,0
6.40903E+15,77,0,0,0,0,77,0,0,0,0,0,0
6.40903E+15,112,16,0,27,0,66,0,0,0,0,3,0
6.40903E+15,129,51,0,43,0,31,0,0,0,0,4,0
6.40903E+15,114,23,0,0,0,91,0,0,0,0,0,0
6.40903E+15,192,188,0,0,2,0,0,1,0,0,1,0
6.40903E+15,171,130,0,0,1,25,0,15,0,0,0,0
6.40903E+15,76,3,0,0,0,73,0,0,0,0,0,0
6.40903E+15,184,143,0,17,1,9,0,13,0,0,0,1
6.40903E+15,75,43,0,3,0,29,0,0,0,0,0,0
6.40903E+15,282,264,0,4,2,5,0,5,0,0,2,0
6.40903E+15,162,47,0,45,0,53,0,11,0,0,6,0
6.40903E+15,193,0,0,9,0,183,0,1,0,0,0,0
6.40903E+15,85,22,0,1,0,41,0,11,0,0,10,0
6.40903E+15,97,54,0,0,2,13,0,22,0,1,5,0
6.40903E+15,104,5,0,0,0,85,0,14,0,0,0,0
6.40903E+15,146,0,0,1,0,145,0,0,0,0,0,0
6.40903E+15,110,62,0,3,0,45,0,0,0,0,0,0
6.40903E+15,104,0,0,1,0,103,0,0,0,0,0,0
6.40903E+15,103,2,0,8,0,92,0,0,0,0,1,0
6.40903E+15,87,23,0,0,0,62,0,0,0,0,1,1
6.40903E+15,143,7,0,0,0,126,0,0,0,0,10,0
6.40903E+15,83,1,0,0,0,82,0,0,0,0,0,0
6.40903E+15,145,122,0,21,1,0,0,1,0,0,0,0
6.40903E+15,86,19,0,0,0,67,0,0,0,0,0,0
6.40903E+15,60,1,0,0,0,59,0,0,0,0,0,0
6.40903E+15,209,80,0,15,1,112,0,1,0,0,0,0
6.40903E+15,121,118,0,0,1,2,0,0,0,0,0,0
6.40903E+15,1,0,0,0,0,1,0,0,0,0,0,0
6.40903E+15,31,19,0,11,0,1,0,0,0,0,0,0
6.40903E+15,4,3,0,0,0,1,0,0,0,0,0,0
6.40903E+15,70,69,0,1,0,0,0,0,0,0,0,0
6.40903E+15,14,12,0,1,0,1,0,0,0,0,0,0
6.40903E+15,58,22,0,19,0,17,0,0,0,0,0,0
6.40903E+15,50,49,0,0,0,0,0,0,0,1,0,0
6.40903E+15,90,1,0,0,0,89,0,0,0,0,0,0
6.40903E+15,133,39,0,0,0,94,0,0,0,0,0,0
6.40903E+15,91,37,0,0,0,54,0,0,0,0,0,0
6.40903E+15,170,163,0,7,0,0,0,0,0,0,0,0
6.40903E+15,212,113,0,0,0,74,0,7,0,1,16,1
6.40903E+15,126,29,0,0,0,86,0,11,0,0,0,0
6.40903E+15,310,168,0,6,0,136,0,0,0,0,0,0
6.40903E+15,176,77,0,2,0,97,0,0,0,0,0,0
6.40903E+15,300,57,0,3,0,230,0,6,0,0,4,0
6.40903E+15,138,136,0,0,0,2,0,0,0,0,0,0
6.40903E+15,297,32,0,0,0,251,0,0,0,1,13,0
6.40903E+15,88,83,0,0,0,5,0,0,0,0,0,0
6.40903E+15,85,78,0,0,0,5,0,0,0,0,2,0
6.40903E+15,187,137,0,0,1,47,0,1,0,0,1,0
6.40903E+15,121,72,0,0,0,48,0,0,0,0,1,0
6.40903E+15,71,41,0,0,0,27,0,0,0,0,3,0
6.40903E+15,192,0,0,0,0,192,0,0,0,0,0,0
6.40903E+15,157,0,0,0,0,157,0,0,0,0,0,0
6.40903E+15,128,5,0,3,0,120,0,0,0,0,0,0
6.40903E+15,246,160,0,1,0,78,0,6,0,1,0,0
6.40903E+15,235,188,0,13,0,30,0,1,0,0,3,0
6.40903E+15,216,69,0,10,0,115,0,0,0,0,22,0
6.40903E+15,115,0,0,0,0,115,0,0,0,0,0,0
6.40903E+15,122,34,0,3,0,64,0,4,0,0,17,0
6.40903E+15,98,14,0,10,0,58,0,3,0,0,13,0
6.40903E+15,67,3,0,6,0,58,0,0,0,0,0,0
6.40903E+15,153,85,0,0,0,64,0,4,0,0,0,0
6.40903E+15,214,161,0,8,0,38,0,6,0,0,1,0
6.40903E+15,205,167,0,0,0,16,0,10,0,0,12,0
6.40903E+15,134,10,0,0,0,41,0,3,0,0,80,0
6.40903E+15,22,0,0,0,0,14,0,0,0,0,8,0
6.40903E+15,164,131,0,17,0,10,0,6,0,0,0,0
6.40903E+15,82,49,0,24,0,3,0,6,0,0,0,0
6.40903E+15,277,67,0,87,0,97,0,14,0,1,11,0
6.40903E+15,140,118,0,19,0,3,0,0,0,0,0,0
6.40903E+15,296,237,0,23,0,23,0,11,0,1,1,0
6.40903E+15,201,0,0,0,0,201,0,0,0,0,0,0
6.40903E+15,168,15,0,53,0,94,0,3,0,0,3,0
6.40903E+15,129,68,0,16,0,31,0,13,0,0,1,0
6.40903E+15,217,142,0,25,0,20,0,17,0,0,13,0
6.40903E+15,159,25,0,33,0,91,0,1,0,0,9,0
6.40903E+15,106,21,0,11,0,70,0,0,0,0,4,0
6.40903E+15,90,27,0,4,0,52,0,2,0,0,5,0
6.40903E+15,138,0,0,0,0,138,0,0,0,0,0,0
6.40903E+15,92,0,0,0,0,92,0,0,0,0,0,0
6.40903E+15,99,13,0,0,0,84,0,1,0,0,0,1
6.40903E+15,124,18,0,0,0,97,0,9,0,0,0,0
6.40903E+15,114,90,0,0,0,13,0,4,0,0,7,0
6.40903E+15,100,57,0,0,0,35,0,8,0,0,0,0
6.40903E+15,209,140,0,31,0,16,0,20,0,2,0,0
6.40903E+15,216,193,0,1,0,13,0,9,0,0,0,0
6.40903E+15,226,137,0,0,0,16,0,40,0,0,32,1
6.40903E+15,164,5,0,0,0,53,0,0,0,0,105,1
6.40903E+15,155,0,0,0,0,150,0,0,0,0,5,0
6.40903E+15,161,0,0,0,0,161,0,0,0,0,0,0
6.40903E+15,156,92,0,1,0,60,0,3,0,0,0,0
6.40903E+15,139,67,0,0,0,69,0,3,0,0,0,0
6.40903E+15,164,94,0,28,0,28,0,2,0,0,12,0
6.40903E+15,134,0,0,0,0,134,0,0,0,0,0,0
6.40903E+15,196,190,0,1,5,0,0,0,0,0,0,0
6.40903E+15,119,96,0,1,0,8,0,3,0,0,11,0
6.40903E+15,55,0,0,0,0,55,0,0,0,0,0,0
6.40903E+15,131,72,0,9,0,40,0,10,0,0,0,0
6.40903E+15,210,12,0,14,0,182,0,2,0,0,0,0
6.40903E+15,159,100,0,18,2,39,0,0,0,0,0,0
6.40903E+15,113,110,0,1,2,0,0,0,0,0,0,0
6.40903E+15,140,27,0,1,0,112,0,0,0,0,0,0
6.40903E+15,212,183,0,8,0,20,0,0,0,0,0,1
6.40903E+15,197,85,0,0,0,110,0,2,0,0,0,0
6.40903E+15,248,162,0,4,0,76,0,5,0,1,0,0
6.40903E+15,150,0,0,0,0,149,0,1,0,0,0,0
6.40903E+15,218,24,0,52,0,107,0,2,0,1,32,0
6.40903E+15,227,105,0,0,0,28,0,3,0,0,91,0
6.40903E+15,266,15,0,0,0,85,0,2,0,1,163,0
6.40903E+15,172,47,0,0,0,10,0,5,0,0,110,0
6.40903E+15,200,0,0,0,0,200,0,0,0,0,0,0
6.40903E+15,190,1,0,0,0,31,0,5,0,0,153,0
6.40903E+15,169,12,0,0,0,145,0,1,0,0,11,0
6.40903E+15,129,27,0,0,0,78,0,1,0,0,23,0
6.40903E+15,165,40,0,6,0,16,0,0,0,0,103,0
6.40903E+15,240,160,0,16,0,10,0,0,0,0,54,0
6.40903E+15,197,21,0,0,0,176,0,0,0,0,0,0
6.40903E+15,172,131,0,0,0,22,0,4,0,1,14,0
6.40903E+15,203,9,0,2,0,192,0,0,0,0,0,0
6.40903E+15,99,0,0,4,0,94,0,0,0,0,0,1
6.40903E+15,214,139,0,0,0,63,0,6,0,0,6,0
6.40903E+15,73,58,0,2,0,12,0,1,0,0,0,0
6.40903E+15,63,0,0,0,0,61,0,0,0,0,2,0
6.40903E+15,135,2,0,0,0,132,0,0,0,0,1,0
6.40903E+15,179,122,0,2,0,50,0,5,0,0,0,0
6.40903E+15,162,1,0,0,0,161,0,0,0,0,0,0
6.40903E+15,236,173,0,16,0,41,0,3,0,0,3,0
6.40903E+15,210,2,0,0,0,178,0,0,0,0,30,0
6.40903E+15,41,0,0,0,0,41,0,0,0,0,0,0
6.40903E+15,178,67,0,63,0,45,0,3,0,0,0,0
6.40903E+15,108,23,0,7,0,76,0,0,0,0,2,0
6.40903E+15,93,58,0,1,0,0,0,34,0,0,0,0
6.40903E+15,143,79,0,32,0,7,0,22,0,0,3,0
6.40903E+15,104,69,0,22,0,13,0,0,0,0,0,0
6.40903E+15,186,169,0,1,0,1,0,12,0,0,2,1
6.40903E+15,124,2,0,13,0,102,0,7,0,0,0,0
6.40903E+15,55,51,0,0,0,0,0,4,0,0,0,0
6.40903E+15,59,59,0,0,0,0,0,0,0,0,0,0
6.40903E+15,89,81,0,1,0,3,0,3,0,0,1,0
6.40903E+15,77,67,0,5,0,4,0,0,0,0,1,0
6.40903E+15,99,0,0,0,0,99,0,0,0,0,0,0
6.40903E+15,1,0,0,0,0,1,0,0,0,0,0,0
6.40903E+15,92,15,0,0,0,77,0,0,0,0,0,0
6.40903E+15,105,13,0,4,0,88,0,0,0,0,0,0
6.40903E+15,7,0,0,0,0,7,0,0,0,0,0,0
6.40903E+15,158,158,0,0,0,0,0,0,0,0,0,0
6.40903E+15,121,120,0,1,0,0,0,0,0,0,0,0
6.40903E+15,231,180,0,3,0,47,0,1,0,0,0,0
6.40903E+15,159,102,0,7,0,49,0,1,0,0,0,0
6.40903E+15,89,22,0,8,0,55,0,3,0,0,1,0
6.40903E+15,147,100,0,10,0,10,0,27,0,0,0,0
6.40903E+15,203,0,0,0,0,203,0,0,0,0,0,0
6.40903E+15,195,89,0,5,0,6,0,4,0,0,91,0
6.40903E+15,50,0,0,0,0,50,0,0,0,0,0,0
6.40903E+15,136,0,0,1,0,135,0,0,0,0,0,0
6.40903E+15,1,0,0,0,0,1,0,0,0,0,0,0
6.40903E+15,157,98,0,10,0,0,0,45,0,0,4,0
6.40903E+15,112,29,0,10,0,17,0,9,0,0,47,0
6.40903E+15,186,10,0,38,0,90,0,1,0,0,47,0
6.40903E+15,108,36,0,6,0,18,0,4,0,0,44,0
6.40903E+15,97,0,0,0,0,96,0,0,0,0,0,1
6.40903E+15,72,0,0,0,0,72,0,0,0,0,0,0
6.40903E+15,53,0,0,15,0,37,0,0,0,0,1,0
6.40903E+15,159,151,0,0,0,5,0,2,0,0,1,0
6.40903E+15,164,53,0,4,0,51,0,6,0,0,50,0
6.40903E+15,194,62,0,21,0,108,0,3,0,0,0,0
6.40903E+15,105,0,0,0,0,105,0,0,0,0,0,0
6.40903E+15,90,0,0,0,0,90,0,0,0,0,0,0
6.40903E+15,130,0,0,0,0,130,0,0,0,0,0,0
6.40903E+15,135,0,0,0,0,135,0,0,0,0,0,0
6.40903E+15,4,0,0,0,0,4,0,0,0,0,0,0
6.40903E+15,74,0,0,0,0,74,0,0,0,0,0,0
6.40903E+15,64,0,0,1,0,63,0,0,0,0,0,0
6.40903E+15,1,0,0,0,0,1,0,0,0,0,0,0
6.40903E+15,232,157,0,18,0,46,0,0,0,0,11,0
6.40903E+15,146,23,0,0,0,123,0,0,0,0,0,0
6.40903E+15,25,0,0,0,0,25,0,0,0,0,0,0
6.40903E+15,97,0,0,0,0,96,0,0,0,0,0,1
6.40903E+15,206,194,0,0,1,10,0,0,0,0,1,0
6.40903E+15,190,24,0,38,0,71,0,6,0,0,51,0
6.40903E+15,158,37,0,1,0,120,0,0,0,0,0,0
6.40903E+15,172,52,0,14,0,40,0,20,0,0,46,0
6.40903E+15,150,47,0,11,0,67,0,2,0,0,23,0
6.40903E+15,154,45,0,0,0,109,0,0,0,0,0,0
6.40903E+15,98,3,0,0,0,95,0,0,0,0,0,0
6.40903E+15,216,116,0,6,0,23,0,52,0,0,19,0
6.40903E+15,106,2,0,0,0,102,0,0,0,0,0,2
6.40903E+15,1,0,0,0,0,1,0,0,0,0,0,0
6.40903E+15,1,0,0,0,0,1,0,0,0,0,0,0
6.40903E+15,1,0,0,0,0,1,0,0,0,0,0,0
6.40903E+15,1,0,0,0,0,1,0,0,0,0,0,0
6.40903E+15,125,26,0,1,0,80,0,4,0,0,14,0
6.40903E+15,23,7,0,0,0,16,0,0,0,0,0,0
6.40903E+15,3,1,0,0,0,2,0,0,0,0,0,0
6.40903E+15,9,9,0,0,0,0,0,0,0,0,0,0
6.40903E+15,14,4,0,0,0,10,0,0,0,0,0,0
6.40903E+15,23,16,0,2,0,1,0,0,0,0,4,0
6.40903E+15,126,60,0,38,0,5,0,0,0,0,23,0
6.40903E+15,168,85,0,13,0,70,0,0,0,0,0,0
6.40903E+15,165,164,0,1,0,0,0,0,0,0,0,0
6.40903E+15,149,134,0,6,1,1,0,2,0,0,5,0
6.40903E+15,114,23,0,3,0,88,0,0,0,0,0,0
6.40903E+15,156,17,0,1,0,138,0,0,0,0,0,0
6.40903E+15,18,0,0,0,0,18,0,0,0,0,0,0
6.40903E+15,1,0,0,0,0,1,0,0,0,0,0,0
6.40903E+15,127,81,0,0,1,1,0,7,0,0,37,0
6.40903E+15,107,62,0,11,0,25,0,0,0,0,9,0
6.40903E+15,99,0,0,0,0,99,0,0,0,0,0,0
6.40903E+15,136,86,0,5,1,39,0,0,0,0,5,0
6.40903E+15,127,0,0,0,0,127,0,0,0,0,0,0
6.40903E+15,54,12,0,0,0,42,0,0,0,0,0,0
6.40903E+15,99,0,0,0,0,99,0,0,0,0,0,0
6.40903E+15,156,150,0,0,4,0,0,1,0,0,0,1
6.40903E+15,79,0,0,0,0,79,0,0,0,0,0,0
6.40903E+15,84,0,0,0,0,84,0,0,0,0,0,0
6.40903E+15,65,0,0,0,0,64,0,0,0,0,0,1
6.40903E+15,74,0,0,0,0,74,0,0,0,0,0,0
6.40903E+15,83,80,0,1,0,0,0,2,0,0,0,0
6.40903E+15,1,0,0,0,0,1,0,0,0,0,0,0
6.40903E+15,1,0,0,0,0,1,0,0,0,0,0,0
6.40903E+15,233,191,0,0,0,26,0,10,0,1,5,0
6.40903E+15,108,63,0,0,0,6,0,12,0,0,27,0
6.40903E+15,179,0,0,0,0,179,0,0,0,0,0,0
6.40903E+15,139,122,0,4,1,6,0,4,0,0,2,0
6.40903E+15,118,67,0,2,0,37,0,8,0,0,4,0
6.40903E+15,184,84,0,0,0,46,0,3,0,0,51,0
6.40903E+15,51,2,0,0,0,34,0,0,0,0,15,0
6.40903E+15,72,28,0,0,0,44,0,0,0,0,0,0
6.40903E+15,45,0,0,0,0,45,0,0,0,0,0,0
6.40903E+15,175,15,0,0,0,49,0,0,0,0,111,0
6.40903E+15,78,21,0,0,0,49,0,0,0,0,8,0
6.40903E+15,110,11,0,0,0,83,0,0,0,0,16,0
6.40903E+15,191,2,0,5,0,183,0,0,0,0,0,1
6.40903E+15,3,0,0,0,0,2,0,0,0,0,1,0
6.40903E+15,1,0,0,0,0,1,0,0,0,0,0,0
6.40903E+15,38,7,0,0,0,29,0,0,0,0,2,0
6.40903E+15,68,3,0,3,0,36,0,0,0,0,26,0
6.40903E+15,38,2,0,0,0,34,0,0,0,0,2,0
6.40903E+15,41,9,0,0,0,32,0,0,0,0,0,0
6.40903E+15,32,5,0,0,0,23,0,0,0,0,4,0
6.40903E+15,65,31,0,3,0,4,0,0,0,0,27,0
6.40903E+15,49,5,0,2,0,30,0,0,0,0,12,0
6.40903E+15,49,26,0,2,0,0,0,3,0,0,18,0
6.40903E+15,49,16,0,3,0,7,0,0,0,0,23,0
6.40903E+15,34,2,0,1,0,30,0,0,0,0,1,0
6.40903E+15,1,0,0,0,0,1,0,0,0,0,0,0
6.40903E+15,70,0,0,0,0,70,0,0,0,0,0,0
6.40903E+15,1,0,0,0,0,1,0,0,0,0,0,0
6.40903E+15,47,0,0,0,0,47,0,0,0,0,0,0
6.40903E+15,58,0,0,0,0,47,0,0,0,0,11,0
6.40903E+15,91,0,0,0,0,46,0,0,0,0,45,0
6.40903E+15,122,17,0,0,0,8,0,0,0,0,97,0
6.40903E+15,235,42,0,50,0,137,0,0,0,0,6,0
6.40903E+15,198,97,0,1,0,48,0,0,0,1,51,0
6.40903E+15,108,0,0,0,0,52,0,0,0,0,56,0
6.40903E+15,52,26,0,0,0,22,0,3,0,0,1,0
6.40903E+15,122,120,0,0,0,0,0,0,0,0,2,0
6.40903E+15,103,0,0,0,0,103,0,0,0,0,0,0
6.40903E+15,77,26,0,0,0,32,0,2,0,1,16,0
6.40903E+15,160,117,0,3,4,1,0,1,0,1,31,2
6.40903E+15,80,3,0,0,0,62,0,0,0,0,15,0
6.40903E+15,221,185,0,0,0,12,0,3,0,1,20,0
6.40903E+15,228,177,0,0,0,0,0,49,0,0,2,0
6.40903E+15,259,244,0,6,0,3,0,0,0,0,6,0
6.40903E+15,98,11,0,2,0,85,0,0,0,0,0,0
6.40903E+15,72,12,0,0,0,60,0,0,0,0,0,0
6.40903E+15,175,156,0,6,0,0,0,3,0,0,10,0
6.40903E+15,64,60,0,1,1,0,0,0,0,0,2,0
6.40903E+15,227,137,0,35,0,3,0,5,0,0,47,0
6.40903E+15,142,9,0,0,0,132,0,0,0,0,1,0
6.40903E+15,129,67,0,22,0,34,0,2,0,0,4,0
6.40903E+15,269,53,0,12,0,151,0,1,0,0,52,0
6.40903E+15,372,116,0,0,0,236,0,4,0,0,16,0
6.40903E+15,93,7,0,0,0,86,0,0,0,0,0,0
6.40903E+15,55,0,0,0,0,55,0,0,0,0,0,0
6.40903E+15,39,0,0,0,0,39,0,0,0,0,0,0
6.40903E+15,126,37,0,0,0,89,0,0,0,0,0,0
6.40903E+15,132,19,0,0,0,113,0,0,0,0,0,0
6.40904E+15,90,4,0,1,0,84,0,1,0,0,0,0
6.40904E+15,104,69,0,10,0,19,0,6,0,0,0,0
6.40904E+15,103,31,0,50,0,20,0,2,0,0,0,0
6.40904E+15,84,19,0,35,0,30,0,0,0,0,0,0
6.40904E+15,103,91,0,1,0,3,0,0,0,0,8,0
6.40904E+15,151,73,0,0,0,60,0,5,0,0,12,1
6.40904E+15,113,1,0,0,0,112,0,0,0,0,0,0
6.40904E+15,76,38,0,0,0,33,0,2,0,0,3,0
6.40904E+15,53,14,0,0,0,39,0,0,0,0,0,0
6.40904E+15,202,182,0,8,2,2,0,4,0,0,4,0
6.40904E+15,82,0,0,13,0,67,0,0,0,0,2,0
6.40904E+15,123,0,0,0,0,123,0,0,0,0,0,0
6.40904E+15,141,106,0,3,0,32,0,0,0,0,0,0
6.40904E+15,37,10,0,0,0,27,0,0,0,0,0,0
6.40904E+15,146,107,0,11,0,4,0,0,0,0,24,0
6.40904E+15,175,13,0,3,0,159,0,0,0,0,0,0
6.40904E+15,54,2,0,0,0,52,0,0,0,0,0,0
6.40904E+15,114,86,0,17,0,4,0,0,0,0,7,0
6.40904E+15,1,0,0,0,0,1,0,0,0,0,0,0
6.40904E+15,43,1,0,8,0,28,0,0,0,0,6,0
6.40904E+15,51,0,0,0,0,51,0,0,0,0,0,0
6.40904E+15,84,83,0,1,0,0,0,0,0,0,0,0
6.40904E+15,82,30,0,11,0,10,0,0,0,1,30,0
6.40904E+15,90,0,0,0,0,90,0,0,0,0,0,0
6.40904E+15,5,0,0,0,0,5,0,0,0,0,0,0
6.40904E+15,1,0,0,0,0,1,0,0,0,0,0,0
6.40904E+15,1,0,0,0,0,1,0,0,0,0,0,0
6.40904E+15,94,86,0,0,0,0,0,8,0,0,0,0
6.40904E+15,138,48,0,0,0,65,0,7,0,0,18,0
6.40904E+15,123,95,1,0,0,0,0,27,0,0,0,0
6.40904E+15,101,87,0,0,0,0,0,13,0,1,0,0
6.40904E+15,247,188,0,30,0,11,0,2,0,0,16,0
6.40904E+15,214,98,0,1,0,56,0,7,0,0,52,0
6.40904E+15,116,16,0,0,0,100,0,0,0,0,0,0
6.40904E+15,28,7,0,0,0,4,0,0,0,0,17,0
6.40904E+15,99,37,0,0,0,59,0,0,0,0,3,0
6.40904E+15,81,21,0,0,0,57,0,1,0,0,2,0
6.40904E+15,121,0,0,48,0,73,0,0,0,0,0,0
6.40904E+15,127,0,0,13,0,114,0,0,0,0,0,0
6.40904E+15,84,13,0,0,0,71,0,0,0,0,0,0
6.40904E+15,169,0,0,16,0,121,0,9,0,0,22,1
6.40904E+15,91,46,0,6,0,39,0,0,0,0,0,0
6.40904E+15,50,34,0,3,0,13,0,0,0,0,0,0
6.40904E+15,116,79,0,8,0,28,0,1,0,0,0,0
6.40904E+15,156,39,0,18,0,81,0,6,0,0,12,0
6.40904E+15,101,0,0,0,0,101,0,0,0,0,0,0
6.40904E+15,108,103,0,4,0,1,0,0,0,0,0,0
6.40904E+15,164,127,0,11,0,12,0,1,0,0,13,0
6.40904E+15,182,133,0,19,0,15,0,4,0,0,11,0
6.40904E+15,139,0,0,52,0,36,0,0,0,0,51,0
6.40904E+15,166,145,0,16,0,5,0,0,0,0,0,0
6.40904E+15,8,0,0,7,0,0,0,0,0,0,1,0
6.40904E+15,34,0,0,0,0,34,0,0,0,0,0,0
6.40904E+15,150,73,0,33,0,9,0,32,0,0,3,0
6.40904E+15,19,0,0,10,0,8,0,0,0,0,1,0
6.40904E+15,121,98,0,15,0,8,0,0,0,0,0,0
6.40904E+15,10,2,0,2,0,6,0,0,0,0,0,0
6.40904E+15,12,1,0,3,0,7,0,0,0,0,1,0
6.40904E+15,7,0,0,0,0,7,0,0,0,0,0,0
6.40904E+15,8,1,0,0,0,7,0,0,0,0,0,0
6.40904E+15,7,0,0,0,0,7,0,0,0,0,0,0
6.40904E+15,7,0,0,0,0,7,0,0,0,0,0,0
6.40904E+15,9,0,0,2,0,7,0,0,0,0,0,0
6.40904E+15,4,0,0,1,0,3,0,0,0,0,0,0
6.40904E+15,10,1,0,2,0,7,0,0,0,0,0,0
6.40904E+15,14,0,0,7,0,7,0,0,0,0,0,0
6.40904E+15,7,0,0,0,0,7,0,0,0,0,0,0
6.40904E+15,7,0,0,0,0,7,0,0,0,0,0,0
6.40904E+15,11,0,0,3,0,8,0,0,0,0,0,0
6.40904E+15,7,0,0,0,0,7,0,0,0,0,0,0
6.40904E+15,38,30,0,1,0,7,0,0,0,0,0,0
6.40904E+15,7,0,0,0,0,7,0,0,0,0,0,0
6.40904E+15,46,39,0,0,0,7,0,0,0,0,0,0
6.40904E+15,7,0,0,0,0,7,0,0,0,0,0,0
6.40904E+15,46,37,0,1,0,7,0,0,0,0,1,0
6.40904E+15,170,152,0,9,0,6,0,0,0,0,3,0
6.40904E+15,176,162,0,9,0,5,0,0,0,0,0,0
6.40904E+15,160,143,0,9,0,7,0,1,0,0,0,0
6.40904E+15,180,158,0,10,0,7,0,0,0,0,5,0
6.40904E+15,153,135,0,11,0,7,0,0,0,0,0,0
6.40904E+15,152,139,0,6,0,7,0,0,0,0,0,0
6.40904E+15,6,0,0,0,0,6,0,0,0,0,0,0
6.40904E+15,8,0,0,0,0,8,0,0,0,0,0,0
6.40904E+15,7,0,0,0,0,7,0,0,0,0,0,0
6.40904E+15,7,0,0,0,0,7,0,0,0,0,0,0
6.40904E+15,19,0,0,10,0,5,0,0,0,0,4,0
6.40904E+15,20,0,0,12,0,7,0,0,0,0,1,0
6.40904E+15,12,0,0,5,0,7,0,0,0,0,0,0
6.40904E+15,156,153,0,1,2,0,0,0,0,0,0,0
6.40904E+15,105,102,0,0,0,0,0,0,0,0,3,0
6.40904E+15,92,87,0,0,0,1,0,0,0,1,3,0
6.40904E+15,77,77,0,0,0,0,0,0,0,0,0,0
6.40904E+15,75,0,0,1,0,71,0,0,0,0,3,0
6.40904E+15,81,81,0,0,0,0,0,0,0,0,0,0
6.40904E+15,92,52,0,2,0,3,0,0,0,0,35,0
6.40904E+15,55,0,0,0,0,55,0,0,0,0,0,0
6.40904E+15,19,0,0,0,0,19,0,0,0,0,0,0
6.40904E+15,62,60,0,0,0,0,0,0,0,2,0,0
6.40904E+15,62,16,0,0,0,44,0,0,0,0,2,0
6.40904E+15,80,79,0,0,0,1,0,0,0,0,0,0
6.40904E+15,110,101,0,0,0,2,0,3,0,1,3,0
6.40904E+15,72,33,0,0,0,10,0,0,0,0,29,0
6.40904E+15,36,35,1,0,0,0,0,0,0,0,0,0
6.40904E+15,80,0,0,0,0,80,0,0,0,0,0,0
6.40904E+15,54,9,0,3,0,40,0,0,0,2,0,0
6.40904E+15,64,11,0,1,0,50,0,2,0,0,0,0
6.40904E+15,71,15,0,0,0,56,0,0,0,0,0,0
6.40904E+15,121,49,0,16,0,35,0,2,0,0,19,0
6.40904E+15,130,92,0,11,1,8,0,0,0,1,17,0
6.40904E+15,93,93,0,0,0,0,0,0,0,0,0,0
6.40904E+15,65,16,0,0,0,7,0,0,0,0,42,0
6.40904E+15,53,5,0,0,0,48,0,0,0,0,0,0
6.40904E+15,45,3,0,0,0,42,0,0,0,0,0,0
6.40904E+15,59,25,0,7,0,27,0,0,0,0,0,0
6.40904E+15,61,42,0,1,0,0,0,0,0,0,18,0
6.40904E+15,78,0,0,0,0,1,0,1,0,0,76,0
6.40904E+15,102,0,0,0,0,102,0,0,0,0,0,0
6.40904E+15,64,0,0,0,0,64,0,0,0,0,0,0
6.40904E+15,53,0,0,0,0,53,0,0,0,0,0,0
6.40904E+15,76,74,0,2,0,0,0,0,0,0,0,0
6.40904E+15,101,21,0,0,0,73,0,0,0,0,7,0
6.40904E+15,63,56,0,3,0,1,0,0,1,0,2,0
6.40904E+15,52,5,0,1,0,46,0,0,0,0,0,0
6.40904E+15,60,12,0,0,0,48,0,0,0,0,0,0
6.40904E+15,127,107,0,0,0,2,0,2,0,0,16,0
6.40904E+15,50,50,0,0,0,0,0,0,0,0,0,0
6.40904E+15,84,84,0,0,0,0,0,0,0,0,0,0
6.40904E+15,79,79,0,0,0,0,0,0,0,0,0,0
6.40904E+15,72,10,0,1,0,61,0,0,0,0,0,0
6.40904E+15,65,37,0,1,0,27,0,0,0,0,0,0
6.40904E+15,53,3,0,0,0,50,0,0,0,0,0,0
6.40904E+15,89,80,0,3,0,5,0,0,0,0,0,1
6.40904E+15,47,47,0,0,0,0,0,0,0,0,0,0
6.40904E+15,123,116,0,0,0,6,0,0,0,0,1,0
6.40904E+15,57,48,0,8,0,0,0,1,0,0,0,0
6.40904E+15,86,36,0,1,0,49,0,0,0,0,0,0
6.40904E+15,69,0,0,0,0,69,0,0,0,0,0,0
6.40904E+15,69,59,0,4,0,5,0,0,0,1,0,0
6.40904E+15,48,48,0,0,0,0,0,0,0,0,0,0
6.40904E+15,63,62,0,1,0,0,0,0,0,0,0,0
6.40904E+15,53,53,0,0,0,0,0,0,0,0,0,0
6.40904E+15,68,21,0,2,0,45,0,0,0,0,0,0
6.40904E+15,66,0,0,0,0,47,0,1,0,0,18,0
6.40904E+15,105,98,1,3,0,3,0,0,0,0,0,0
6.40904E+15,217,183,0,0,0,10,0,1,0,0,23,0
6.40904E+15,94,92,0,0,0,0,0,2,0,0,0,0
6.40904E+15,128,126,1,0,0,1,0,0,0,0,0,0
6.40904E+15,60,13,0,0,0,39,0,0,0,1,7,0
6.40904E+15,61,50,0,0,0,5,0,0,0,1,5,0
6.40904E+15,137,0,0,0,0,109,0,23,0,0,5,0
6.40904E+15,19,0,0,0,0,17,0,2,0,0,0,0
6.40904E+15,70,10,0,0,0,54,0,6,0,0,0,0
6.40904E+15,135,102,0,0,0,9,0,5,0,0,19,0
6.40904E+15,61,58,0,0,0,3,0,0,0,0,0,0
6.40904E+15,78,77,0,0,0,1,0,0,0,0,0,0
6.40904E+15,100,100,0,0,0,0,0,0,0,0,0,0
6.40904E+15,123,122,0,0,0,0,0,0,0,0,1,0
6.40904E+15,82,25,0,0,0,57,0,0,0,0,0,0
6.40904E+15,47,12,0,0,0,35,0,0,0,0,0,0
6.40904E+15,69,32,0,0,0,37,0,0,0,0,0,0
6.40904E+15,198,144,0,0,0,49,0,0,0,0,5,0
6.40904E+15,202,201,0,0,0,0,0,0,0,0,1,0
6.40904E+15,95,44,0,11,0,40,0,0,0,0,0,0
6.40904E+15,105,32,0,0,0,73,0,0,0,0,0,0
6.40904E+15,79,24,0,0,0,55,0,0,0,0,0,0
6.40904E+15,37,10,0,0,0,27,0,0,0,0,0,0
6.40904E+15,49,11,0,1,0,37,0,0,0,0,0,0
6.40904E+15,53,49,0,3,0,1,0,0,0,0,0,0
6.40904E+15,182,164,2,10,0,0,0,0,0,4,2,0
6.40904E+15,132,52,0,1,0,78,0,1,0,0,0,0
6.40904E+15,96,24,0,0,0,63,0,1,0,0,6,2
6.40904E+15,82,81,0,0,0,0,0,0,0,0,1,0
6.40904E+15,119,10,0,0,0,109,0,0,0,0,0,0
6.40904E+15,218,213,0,1,0,3,0,0,0,0,1,0
6.40904E+15,72,0,0,0,0,72,0,0,0,0,0,0
6.40904E+15,97,0,0,0,0,97,0,0,0,0,0,0
6.40904E+15,73,71,0,2,0,0,0,0,0,0,0,0
6.40904E+15,64,56,0,0,0,0,0,8,0,0,0,0
6.40904E+15,132,40,0,28,0,42,0,0,0,0,22,0
6.40904E+15,153,10,0,1,0,95,0,0,0,0,47,0
6.40904E+15,118,4,0,0,0,114,0,0,0,0,0,0
6.40904E+15,61,0,0,0,0,58,0,0,0,0,3,0
6.40904E+15,68,6,0,9,0,12,0,0,0,0,41,0
6.40904E+15,47,1,0,0,0,0,0,0,0,0,46,0
6.40904E+15,94,17,0,6,0,12,0,1,0,0,58,0
6.40904E+15,196,114,0,20,0,60,0,2,0,0,0,0
6.40904E+15,89,13,0,11,0,53,0,7,0,0,5,0
6.40904E+15,150,22,0,25,0,101,0,0,0,0,2,0
6.40904E+15,87,22,0,19,0,46,0,0,0,0,0,0
6.40904E+15,106,32,0,0,0,74,0,0,0,0,0,0
6.40904E+15,57,22,0,1,0,34,0,0,0,0,0,0
6.40904E+15,67,67,0,0,0,0,0,0,0,0,0,0
6.40904E+15,74,48,0,7,0,14,0,0,0,0,5,0
6.40904E+15,41,10,0,0,0,31,0,0,0,0,0,0
6.40904E+15,50,42,0,3,0,0,0,5,0,0,0,0
6.40904E+15,86,22,0,0,0,64,0,0,0,0,0,0
6.40904E+15,74,25,0,0,0,49,0,0,0,0,0,0
6.40904E+15,115,16,0,0,0,99,0,0,0,0,0,0
6.40904E+15,124,0,0,13,0,60,0,46,0,1,4,0
6.40904E+15,65,13,0,0,0,52,0,0,0,0,0,0
6.40904E+15,43,0,0,1,0,42,0,0,0,0,0,0
6.40904E+15,51,9,0,4,0,38,0,0,0,0,0,0
6.40904E+15,54,0,0,9,0,17,0,0,0,0,28,0
6.40904E+15,164,157,0,6,0,0,0,0,0,1,0,0
6.40904E+15,81,13,0,0,0,68,0,0,0,0,0,0
6.40904E+15,193,185,0,3,3,0,0,0,0,0,2,0
6.40904E+15,18,5,0,2,0,10,0,0,0,0,0,1
6.40904E+15,47,0,0,0,0,47,0,0,0,0,0,0
6.40904E+15,55,49,1,1,1,3,0,0,0,0,0,0
6.40904E+15,62,2,0,0,0,44,0,1,0,0,15,0
6.40904E+15,174,19,0,0,0,154,0,1,0,0,0,0
6.40904E+15,214,196,0,13,0,4,0,1,0,0,0,0
6.40904E+15,145,144,0,1,0,0,0,0,0,0,0,0
6.40904E+15,120,118,0,0,2,0,0,0,0,0,0,0
6.40904E+15,114,0,0,0,0,114,0,0,0,0,0,0
6.40904E+15,140,65,0,0,0,54,0,0,0,0,21,0
6.40904E+15,89,30,0,0,0,59,0,0,0,0,0,0
6.40904E+15,105,2,0,0,0,103,0,0,0,0,0,0
6.40904E+15,70,39,0,7,0,21,0,0,0,0,3,0
6.40904E+15,62,8,0,5,0,49,0,0,0,0,0,0
6.40904E+15,29,0,0,0,0,29,0,0,0,0,0,0
6.40904E+15,100,0,0,0,0,100,0,0,0,0,0,0
6.40904E+15,131,119,0,4,0,5,0,0,0,0,3,0
6.40904E+15,101,11,0,0,0,20,0,0,0,0,70,0
6.40904E+15,89,18,0,0,0,2,0,0,0,0,69,0
6.40904E+15,163,151,0,0,5,4,0,0,0,2,1,0
6.40904E+15,109,0,0,0,0,109,0,0,0,0,0,0
6.40904E+15,5,0,0,0,0,5,0,0,0,0,0,0
6.40904E+15,95,0,0,0,0,95,0,0,0,0,0,0
6.40904E+15,124,4,0,0,0,120,0,0,0,0,0,0
6.40904E+15,10,1,0,0,0,9,0,0,0,0,0,0
6.40904E+15,144,23,0,18,0,57,0,4,0,0,42,0
6.40904E+15,50,11,0,0,0,0,0,0,0,0,39,0
6.40904E+15,73,10,0,16,0,25,0,0,0,0,22,0
6.40904E+15,101,22,0,6,0,4,0,1,0,0,68,0
6.40904E+15,87,43,0,27,0,15,0,2,0,0,0,0
6.40904E+15,54,16,0,1,0,3,0,14,0,0,20,0
6.40904E+15,108,0,0,30,0,78,0,0,0,0,0,0
6.40904E+15,101,61,0,4,0,36,0,0,0,0,0,0
6.40904E+15,70,66,0,0,0,4,0,0,0,0,0,0
6.40904E+15,121,41,0,31,0,48,0,0,0,0,1,0
6.40904E+15,217,64,0,3,0,150,0,0,0,0,0,0
6.40904E+15,146,143,1,0,2,0,0,0,0,0,0,0
6.40904E+15,83,0,0,8,0,69,0,0,0,0,6,0
6.40904E+15,64,61,0,0,0,1,0,0,0,0,2,0
6.40904E+15,56,7,0,4,0,0,0,1,0,0,44,0
6.40904E+15,171,81,0,0,0,70,0,1,0,0,19,0
6.40904E+15,131,35,0,0,0,90,0,0,0,0,6,0
6.40904E+15,164,88,0,0,0,46,0,6,0,1,23,0
6.40904E+15,98,42,0,0,1,53,0,1,0,0,1,0
6.40904E+15,82,10,0,0,0,70,0,2,0,0,0,0
6.40904E+15,128,65,0,8,0,18,0,1,0,0,36,0
6.40904E+15,57,49,0,0,1,1,0,0,0,0,6,0
6.40904E+15,51,19,0,3,0,29,0,0,0,0,0,0
6.40904E+15,130,49,0,9,0,67,0,0,0,0,5,0
6.40904E+15,107,50,0,9,0,40,0,0,0,0,8,0
6.40904E+15,165,63,0,8,0,83,0,0,0,0,10,1
6.40904E+15,112,32,0,1,0,71,0,1,0,0,7,0
6.40904E+15,195,89,0,19,0,31,0,1,0,0,55,0
6.40904E+15,63,51,0,4,0,4,0,1,0,0,3,0
6.40904E+15,1,0,0,0,0,1,0,0,0,0,0,0
6.40904E+15,82,32,0,0,0,49,0,1,0,0,0,0
6.40904E+15,89,33,0,0,0,56,0,0,0,0,0,0
6.40904E+15,17,7,0,0,0,10,0,0,0,0,0,0
6.40904E+15,66,20,0,0,0,46,0,0,0,0,0,0
6.40904E+15,93,69,0,0,0,23,0,1,0,0,0,0
6.40904E+15,10,10,0,0,0,0,0,0,0,0,0,0
6.40904E+15,100,62,0,4,1,32,0,0,0,0,1,0
6.40904E+15,83,76,0,4,0,0,0,0,0,1,2,0
6.40904E+15,139,123,0,4,0,5,0,0,0,0,7,0
6.40904E+15,107,26,0,0,0,78,0,0,0,0,3,0
6.40904E+15,98,0,0,1,0,96,0,0,0,0,0,1
6.40904E+15,215,36,0,3,0,168,0,0,0,0,8,0
